Reason_1,Reason_2,Reason_3,Reason_4,Date,Transportation Expense,Distance to Work,Age,Daily Work Load Average,Month Value,Day of the Week,Body Mass Index,Education,Children,Pets,Absenteeism Time in Hours
0,0,0,1,2015-07-07,289,36,33,239.554,7,1,30,0,2,1,4
0,0,0,0,2015-07-14,118,13,50,239.554,7,1,31,0,1,0,0
0,0,0,1,2015-07-15,179,51,38,239.554,7,2,31,0,0,0,2
1,0,0,0,2015-07-16,279,5,39,239.554,7,3,24,0,2,0,4
0,0,0,1,2015-07-23,289,36,33,239.554,7,3,30,0,2,1,2
0,0,0,1,2015-07-10,179,51,38,239.554,7,4,31,0,0,0,2
0,0,1,0,2015-07-17,361,52,28,239.554,7,4,27,0,1,4,8
0,0,0,1,2015-07-24,260,50,36,239.554,7,4,23,0,4,0,4
0,0,1,0,2015-07-06,155,12,34,239.554,7,0,25,0,2,0,40
0,0,1,0,2015-07-13,235,11,37,239.554,7,0,29,1,1,1,8
1,0,0,0,2015-07-20,260,50,36,239.554,7,0,23,0,4,0,8
1,0,0,0,2015-07-14,260,50,36,239.554,7,1,23,0,4,0,8
1,0,0,0,2015-07-15,260,50,36,239.554,7,2,23,0,4,0,8
1,0,0,0,2015-07-15,179,51,38,239.554,7,2,31,0,0,0,1
0,0,0,1,2015-07-15,179,51,38,239.554,7,2,31,0,0,0,4
1,0,0,0,2015-07-17,246,25,41,239.554,7,4,23,0,0,0,8
0,0,0,1,2015-07-17,179,51,38,239.554,7,4,31,0,0,0,2
0,0,1,0,2015-07-27,179,51,38,239.554,7,0,31,0,0,0,8
1,0,0,0,2015-07-30,189,29,33,239.554,7,3,25,0,2,2,8
0,0,0,1,2015-08-05,248,25,47,205.917,8,2,32,0,2,1,2
1,0,0,0,2015-08-12,330,16,28,205.917,8,2,25,1,0,0,8
1,0,0,0,2015-08-03,179,51,38,205.917,8,0,31,0,0,0,1
1,0,0,0,2015-08-10,361,52,28,205.917,8,0,27,0,1,4,40
0,0,0,1,2015-08-14,260,50,36,205.917,8,4,23,0,4,0,4
0,0,1,0,2015-08-17,289,36,33,205.917,8,0,30,0,2,1,8
0,0,0,1,2015-08-24,361,52,28,205.917,8,0,27,0,1,4,7
0,0,0,1,2015-08-04,289,36,33,205.917,8,1,30,0,2,1,1
0,0,0,1,2015-08-12,157,27,29,205.917,8,2,22,0,0,0,4
0,0,1,0,2015-08-19,289,36,33,205.917,8,2,30,0,2,1,8
0,0,0,1,2015-08-28,179,51,38,205.917,8,4,31,0,0,0,2
0,0,1,0,2015-08-17,179,51,38,205.917,8,0,31,0,0,0,8
0,0,1,0,2015-08-27,235,29,48,205.917,8,3,33,0,1,5,8
0,0,0,1,2015-08-27,235,11,37,205.917,8,3,29,1,1,1,4
0,0,1,0,2015-08-17,235,29,48,205.917,8,0,33,0,1,5,8
0,0,0,1,2015-08-17,179,51,38,205.917,8,0,31,0,0,0,2
0,0,0,1,2015-08-17,361,52,28,205.917,8,0,27,0,1,4,1
0,0,0,1,2015-08-04,289,36,33,205.917,8,1,30,0,2,1,8
1,0,0,0,2015-08-20,291,50,32,205.917,8,3,23,0,0,0,4
0,0,0,1,2015-08-21,235,29,48,205.917,8,4,33,0,1,5,8
0,0,0,1,2015-08-28,260,50,36,205.917,8,4,23,0,4,0,4
0,0,0,1,2015-09-01,184,42,27,241.476,9,1,21,0,0,0,2
0,0,0,1,2015-09-07,118,10,37,241.476,9,0,28,0,0,0,4
0,0,0,1,2015-09-01,179,51,38,241.476,9,1,31,0,0,0,4
0,0,1,0,2015-09-08,235,20,43,241.476,9,1,38,0,1,0,8
0,0,0,1,2015-09-09,155,12,34,241.476,9,2,25,0,2,0,2
0,0,0,1,2015-09-13,118,10,37,241.476,9,6,28,0,0,0,3
0,0,0,1,2015-09-14,179,51,38,241.476,9,0,31,0,0,0,3
0,0,0,1,2015-09-24,291,31,40,241.476,9,3,25,0,1,1,4
0,0,1,0,2015-09-04,260,50,36,241.476,9,4,23,0,4,0,8
1,0,0,0,2015-09-14,291,31,40,241.476,9,0,25,0,1,1,32
0,0,0,0,2015-09-21,260,50,36,241.476,9,0,23,0,4,0,0
0,0,0,0,2015-09-28,225,26,28,241.476,9,0,24,0,1,2,0
0,0,0,1,2015-09-08,225,26,28,241.476,9,1,24,0,1,2,2
0,0,0,1,2015-09-15,118,10,37,241.476,9,1,28,0,0,0,2
0,0,0,0,2015-09-22,289,36,33,241.476,9,1,30,0,2,1,0
0,0,0,0,2015-09-29,118,13,50,241.476,9,1,31,0,1,0,0
0,0,1,0,2015-09-16,225,26,28,241.476,9,2,24,0,1,2,3
0,0,0,1,2015-09-23,179,51,38,241.476,9,2,31,0,0,0,3
0,0,0,0,2015-09-30,369,17,31,241.476,9,2,25,0,3,0,0
0,0,0,1,2015-09-11,248,25,47,241.476,9,4,32,0,2,1,1
0,0,0,1,2015-09-18,179,51,38,241.476,9,4,31,0,0,0,3
0,0,0,1,2015-09-25,260,50,36,241.476,9,4,23,0,4,0,4
0,0,0,1,2015-10-06,179,51,38,253.465,10,1,31,0,0,0,3
0,0,0,1,2015-10-13,118,10,37,253.465,10,1,28,0,0,0,3
0,0,0,0,2015-10-14,118,13,50,253.465,10,2,31,0,1,0,0
0,0,0,1,2015-10-15,179,26,30,253.465,10,3,19,1,0,0,1
0,0,0,1,2015-10-16,179,51,38,253.465,10,4,31,0,0,0,3
0,0,0,1,2015-10-16,225,26,28,253.465,10,4,24,0,1,2,3
0,0,0,1,2015-10-06,118,10,37,253.465,10,1,28,0,0,0,3
0,0,0,1,2015-10-14,225,26,28,253.465,10,2,24,0,1,2,2
0,0,0,1,2015-10-21,248,25,47,253.465,10,2,32,0,2,1,2
0,0,0,1,2015-10-22,291,31,40,253.465,10,3,25,0,1,1,5
0,0,0,1,2015-10-21,179,51,38,253.465,10,2,31,0,0,0,8
0,0,0,1,2015-10-21,225,26,28,253.465,10,2,24,0,1,2,3
0,0,1,0,2015-10-22,260,50,36,253.465,10,3,23,0,4,0,16
1,0,0,0,2015-10-13,291,31,40,253.465,10,1,25,0,1,1,8
0,0,0,1,2015-10-20,225,26,28,253.465,10,1,24,0,1,2,2
0,0,0,1,2015-10-21,289,36,33,253.465,10,2,30,0,2,1,8
0,0,0,1,2015-10-23,361,52,28,253.465,10,4,27,0,1,4,1
0,0,0,1,2015-10-30,260,50,36,253.465,10,4,23,0,4,0,3
0,0,0,1,2015-11-05,179,51,38,306.345,11,3,31,0,0,0,1
0,0,0,1,2015-11-04,225,26,28,306.345,11,2,24,0,1,2,1
1,0,0,0,2015-11-05,179,51,38,306.345,11,3,31,0,0,0,8
0,0,1,0,2015-11-12,179,22,40,306.345,11,3,22,1,2,0,8
0,0,0,1,2015-11-19,291,31,40,306.345,11,3,25,0,1,1,5
1,0,0,0,2015-11-02,155,12,34,306.345,11,0,25,0,2,0,32
0,0,1,0,2015-11-09,189,29,33,306.345,11,0,25,0,2,2,8
1,0,0,0,2015-11-16,291,31,40,306.345,11,0,25,0,1,1,40
0,0,0,1,2015-11-18,225,26,28,306.345,11,2,24,0,1,2,1
1,0,0,0,2015-11-20,155,12,34,306.345,11,4,25,0,2,0,8
0,0,0,1,2015-11-18,225,26,28,306.345,11,2,24,0,1,2,3
0,0,1,0,2015-11-25,179,22,40,306.345,11,2,22,1,2,0,8
1,0,0,0,2015-11-20,225,26,28,306.345,11,4,24,0,1,2,3
0,0,0,1,2015-11-27,260,50,36,306.345,11,4,23,0,4,0,4
0,0,0,1,2015-11-02,248,25,47,306.345,11,0,32,0,2,1,1
0,0,0,1,2015-11-10,225,26,28,306.345,11,1,24,0,1,2,3
1,0,0,0,2015-11-11,289,36,33,306.345,11,2,30,0,2,1,24
0,0,0,1,2015-11-26,291,31,40,306.345,11,3,25,0,1,1,3
0,0,0,1,2015-12-01,248,25,47,261.306,12,1,32,0,2,1,1
0,0,1,0,2015-12-01,118,10,37,261.306,12,1,28,0,0,0,64
0,0,0,1,2015-12-02,118,13,50,261.306,12,2,31,0,1,0,2
0,0,0,1,2015-12-02,235,11,37,261.306,12,2,29,1,1,1,8
0,0,0,1,2015-12-03,225,26,28,261.306,12,3,24,0,1,2,2
0,0,0,1,2015-12-04,260,50,36,261.306,12,4,23,0,4,0,8
0,0,1,0,2015-12-08,118,10,37,261.306,12,1,28,0,0,0,56
0,0,1,0,2015-12-09,361,52,28,261.306,12,2,27,0,1,4,8
0,0,0,1,2015-12-10,225,26,28,261.306,12,3,24,0,1,2,3
0,0,0,1,2015-12-11,260,50,36,261.306,12,4,23,0,4,0,3
0,0,0,1,2015-12-15,225,26,28,261.306,12,1,24,0,1,2,2
0,0,1,0,2015-12-16,361,52,28,261.306,12,2,27,0,1,4,8
0,0,0,1,2015-12-11,118,10,37,261.306,12,4,28,0,0,0,2
0,0,1,0,2015-12-18,246,25,41,261.306,12,4,23,0,0,0,8
0,0,0,1,2015-12-18,225,26,28,261.306,12,4,24,0,1,2,2
0,0,0,1,2016-01-06,225,26,28,308.593,1,2,24,0,1,2,1
0,0,1,0,2016-01-04,118,10,37,308.593,1,0,28,0,0,0,1
0,0,0,1,2016-01-05,118,10,37,308.593,1,1,28,0,0,0,1
0,0,1,0,2016-01-05,155,12,34,308.593,1,1,25,0,2,0,8
0,0,0,1,2016-01-06,225,26,28,308.593,1,2,24,0,1,2,2
0,0,0,1,2016-01-07,184,42,27,308.593,1,3,21,0,0,0,2
0,0,0,1,2016-01-07,225,26,28,308.593,1,3,24,0,1,2,2
0,0,0,1,2016-01-08,225,26,28,308.593,1,4,24,0,1,2,1
0,0,0,1,2016-01-11,118,10,37,308.593,1,0,28,0,0,0,2
0,0,0,1,2016-01-12,225,26,28,308.593,1,1,24,0,1,2,2
0,0,0,1,2016-01-12,118,10,37,308.593,1,1,28,0,0,0,2
0,0,0,1,2016-01-13,118,10,37,308.593,1,2,28,0,0,0,2
0,0,0,1,2016-01-14,118,10,37,308.593,1,3,28,0,0,0,2
0,0,0,1,2016-01-15,118,10,37,308.593,1,4,28,0,0,0,2
0,0,0,1,2016-01-11,118,10,37,308.593,1,0,28,0,0,0,2
0,0,0,1,2016-01-12,118,10,37,308.593,1,1,28,0,0,0,2
0,0,1,0,2016-01-12,179,26,30,308.593,1,1,19,1,0,0,8
0,0,1,0,2016-01-12,289,36,33,308.593,1,1,30,0,2,1,8
0,0,0,1,2016-01-13,118,10,37,308.593,1,2,28,0,0,0,2
0,0,0,1,2016-01-21,184,42,27,308.593,1,3,21,0,0,0,2
0,0,0,1,2016-01-28,118,10,37,308.593,1,3,28,0,0,0,2
0,0,0,1,2016-01-25,118,10,37,308.593,1,0,28,0,0,0,0
0,0,0,1,2016-01-26,225,26,28,308.593,1,1,24,0,1,2,1
0,0,1,0,2016-01-28,289,36,33,308.593,1,3,30,0,2,1,3
0,0,0,1,2016-02-05,184,42,27,302.585,2,4,21,0,0,0,1
1,0,0,0,2016-02-03,246,25,41,302.585,2,2,23,0,0,0,8
1,0,0,0,2016-02-10,179,51,38,302.585,2,2,31,0,0,0,8
0,0,0,1,2016-02-11,155,12,34,302.585,2,3,25,0,2,0,2
0,0,0,1,2016-02-11,189,29,33,302.585,2,3,25,0,2,2,8
0,0,0,1,2016-02-12,260,50,36,302.585,2,4,23,0,4,0,2
0,0,1,0,2016-02-12,289,36,33,302.585,2,4,30,0,2,1,8
1,0,0,0,2016-02-08,388,15,50,302.585,2,0,24,0,0,0,8
1,0,0,0,2016-02-09,388,15,50,302.585,2,1,24,0,0,0,8
0,0,0,1,2016-02-15,225,26,28,302.585,2,0,24,0,1,2,2
0,0,0,1,2016-02-09,225,26,28,302.585,2,1,24,0,1,2,2
0,0,0,1,2016-02-16,179,26,30,302.585,2,1,19,1,0,0,1
0,0,0,1,2016-02-23,184,42,27,302.585,2,1,21,0,0,0,8
0,0,0,1,2016-02-25,225,26,28,302.585,2,3,24,0,1,2,3
0,0,1,0,2016-02-15,330,16,28,302.585,2,0,25,1,0,0,8
0,0,0,1,2016-02-16,330,16,28,302.585,2,1,25,1,0,0,1
0,0,0,1,2016-02-17,225,26,28,302.585,2,2,24,0,1,2,1
0,0,1,0,2016-02-25,189,29,33,302.585,2,3,25,0,2,2,8
0,0,0,1,2016-03-01,291,50,32,343.25300000000004,3,1,23,0,0,0,2
0,0,1,0,2016-03-01,260,50,36,343.25300000000004,3,1,23,0,4,0,8
0,0,1,0,2016-03-08,157,27,29,343.25300000000004,3,1,22,0,0,0,3
0,1,0,0,2016-03-15,179,22,40,343.25300000000004,3,1,22,1,2,0,8
0,0,1,0,2016-03-16,291,31,40,343.25300000000004,3,2,25,0,1,1,8
1,0,0,0,2016-03-02,260,50,36,343.25300000000004,3,2,23,0,4,0,8
1,0,0,0,2016-03-03,179,26,30,343.25300000000004,3,3,19,1,0,0,8
1,0,0,0,2016-03-04,248,25,47,343.25300000000004,3,4,32,0,2,1,3
1,0,0,0,2016-03-04,260,50,36,343.25300000000004,3,4,23,0,4,0,40
1,0,0,0,2016-03-07,179,22,40,343.25300000000004,3,0,22,1,2,0,40
1,0,0,0,2016-03-14,155,12,34,343.25300000000004,3,0,25,0,2,0,16
0,0,0,1,2016-03-21,260,50,36,343.25300000000004,3,0,23,0,4,0,16
1,0,0,0,2016-03-22,155,12,34,343.25300000000004,3,1,25,0,2,0,8
1,0,0,0,2016-03-24,289,36,33,343.25300000000004,3,3,30,0,2,1,8
1,0,0,0,2016-03-24,179,22,40,343.25300000000004,3,3,22,1,2,0,8
0,0,0,1,2016-03-25,260,50,36,343.25300000000004,3,4,23,0,4,0,4
0,0,0,1,2016-03-25,225,26,28,343.25300000000004,3,4,24,0,1,2,1
1,0,0,0,2016-03-28,279,5,39,343.25300000000004,3,0,24,0,2,0,8
1,0,0,0,2016-03-29,179,51,38,343.25300000000004,3,1,31,0,0,0,24
0,0,0,1,2016-03-30,225,26,28,343.25300000000004,3,2,24,0,1,2,2
1,0,0,0,2016-03-28,225,26,28,343.25300000000004,3,0,24,0,1,2,8
1,0,0,0,2016-03-28,179,26,30,343.25300000000004,3,0,19,1,0,0,1
1,0,0,0,2016-03-29,225,26,28,343.25300000000004,3,1,24,0,1,2,8
1,0,0,0,2016-03-30,225,26,28,343.25300000000004,3,2,24,0,1,2,16
1,0,0,0,2016-03-30,179,51,38,343.25300000000004,3,2,31,0,0,0,3
1,0,0,0,2016-03-17,279,5,39,343.25300000000004,3,3,24,0,2,0,16
0,0,0,1,2016-03-18,225,26,28,343.25300000000004,3,4,24,0,1,2,2
1,0,0,0,2016-03-25,248,25,47,343.25300000000004,3,4,32,0,2,1,3
0,0,0,1,2016-03-28,225,26,28,343.25300000000004,3,0,24,0,1,2,1
0,0,0,1,2016-04-06,291,31,40,326.452,4,2,25,0,1,1,1
0,0,0,1,2016-04-13,225,26,28,326.452,4,2,24,0,1,2,1
0,0,0,1,2016-04-12,155,12,34,326.452,4,1,25,0,2,0,1
1,0,0,0,2016-04-13,246,25,41,326.452,4,2,23,0,0,0,24
0,0,0,1,2016-04-14,155,12,34,326.452,4,3,25,0,2,0,1
0,0,0,1,2016-04-15,225,26,28,326.452,4,4,24,0,1,2,2
0,0,0,1,2016-04-15,260,50,36,326.452,4,4,23,0,4,0,4
1,0,0,0,2016-04-06,179,51,38,326.452,4,2,31,0,0,0,24
0,0,0,1,2016-04-07,118,13,50,326.452,4,3,31,0,1,0,1
0,0,0,1,2016-04-08,291,31,40,326.452,4,4,25,0,1,1,3
1,0,0,0,2016-04-08,246,25,41,326.452,4,4,23,0,0,0,8
0,0,0,1,2016-04-22,291,31,40,326.452,4,4,25,0,1,1,1
0,0,0,1,2016-04-29,248,25,47,326.452,4,4,32,0,2,1,8
0,0,1,0,2016-04-29,260,50,36,326.452,4,4,23,0,4,0,56
0,0,1,0,2016-04-26,289,36,33,326.452,4,1,30,0,2,1,8
1,0,0,0,2016-04-27,155,12,34,326.452,4,2,25,0,2,0,24
0,0,1,0,2016-04-27,378,49,36,326.452,4,2,21,0,2,4,8
1,0,0,0,2016-04-28,289,36,33,326.452,4,3,30,0,2,1,16
1,0,0,0,2016-04-08,235,11,37,326.452,4,4,29,1,1,1,3
0,0,0,0,2016-04-04,235,29,48,326.452,4,0,33,0,1,5,0
1,0,0,0,2016-05-04,289,36,33,378.884,5,2,30,0,2,1,8
0,0,0,1,2016-05-05,155,12,34,378.884,5,3,25,0,2,0,2
0,0,0,1,2016-05-02,155,12,34,378.884,5,0,25,0,2,0,1
0,0,1,0,2016-05-03,179,51,38,378.884,5,1,31,0,0,0,8
0,0,1,0,2016-05-03,225,26,28,378.884,5,1,24,0,1,2,8
1,0,0,0,2016-05-11,184,42,27,378.884,5,2,21,0,0,0,4
0,0,0,1,2016-05-09,155,12,34,378.884,5,0,25,0,2,0,2
1,0,0,0,2016-05-10,179,51,38,378.884,5,1,31,0,0,0,1
1,0,0,0,2016-05-04,289,36,33,378.884,5,2,30,0,2,1,24
0,0,0,0,2016-05-11,279,5,39,378.884,5,2,24,0,2,0,0
0,0,0,0,2016-05-18,330,16,28,378.884,5,2,25,1,0,0,0
0,0,0,0,2016-05-25,378,49,36,378.884,5,2,21,0,2,4,0
0,0,0,0,2016-05-25,388,15,50,378.884,5,2,24,0,0,0,0
1,0,0,0,2016-05-24,179,51,38,378.884,5,1,31,0,0,0,1
1,0,0,0,2016-05-11,118,13,50,378.884,5,2,31,0,1,0,24
0,0,1,0,2016-05-27,361,52,28,378.884,5,4,27,0,1,4,8
0,0,1,0,2016-06-06,246,25,41,377.55,6,0,23,0,0,0,8
0,0,1,0,2016-06-13,361,52,28,377.55,6,0,27,0,1,4,8
1,0,0,0,2016-06-14,246,25,41,377.55,6,1,23,0,0,0,24
0,0,0,1,2016-06-16,291,31,40,377.55,6,3,25,0,1,1,4
1,0,0,0,2016-06-17,246,25,41,377.55,6,4,23,0,0,0,8
1,0,0,0,2016-06-13,179,51,38,377.55,6,0,31,0,0,0,8
0,0,0,1,2016-06-20,155,12,34,377.55,6,0,25,0,2,0,4
1,0,0,0,2016-06-27,246,25,41,377.55,6,0,23,0,0,0,8
1,0,0,0,2016-06-29,118,13,50,377.55,6,2,31,0,1,0,8
1,0,0,0,2016-06-03,235,11,37,377.55,6,4,29,1,1,1,16
0,0,0,1,2016-06-07,118,13,50,377.55,6,1,31,0,1,0,1
1,0,0,0,2016-06-08,118,13,50,377.55,6,2,31,0,1,0,80
0,0,1,0,2016-06-09,378,49,36,377.55,6,3,21,0,2,4,8
1,0,0,0,2016-06-10,179,51,38,377.55,6,4,31,0,0,0,2
0,0,0,1,2016-06-20,289,48,49,377.55,6,0,36,0,0,2,2
0,0,0,1,2016-06-30,225,26,28,377.55,6,3,24,0,1,2,2
0,0,1,0,2016-07-05,155,12,34,275.312,7,1,25,0,2,0,16
1,0,0,0,2016-07-06,118,13,50,275.312,7,2,31,0,1,0,8
1,0,0,0,2016-07-08,118,10,37,275.312,7,4,28,0,0,0,8
0,0,0,1,2016-07-08,118,10,37,275.312,7,4,28,0,0,0,4
0,0,0,1,2016-07-12,330,16,28,275.312,7,1,25,1,0,0,8
0,0,1,0,2016-07-14,179,26,30,275.312,7,3,19,1,0,0,8
0,0,0,1,2016-07-15,155,12,34,275.312,7,4,25,0,2,0,2
1,0,0,0,2016-07-18,330,16,28,275.312,7,0,25,1,0,0,8
1,0,0,0,2016-07-19,330,16,28,275.312,7,1,25,1,0,0,8
0,0,0,1,2016-07-18,157,27,29,275.312,7,0,22,0,0,0,3
0,0,1,0,2016-07-19,361,52,28,275.312,7,1,27,0,1,4,8
0,0,0,1,2016-07-20,289,36,33,275.312,7,2,30,0,2,1,8
0,0,0,1,2016-07-21,179,51,38,275.312,7,3,31,0,0,0,8
0,0,1,0,2016-07-11,289,36,33,275.312,7,0,30,0,2,1,32
0,0,1,0,2016-07-14,289,36,33,275.312,7,3,30,0,2,1,8
0,0,0,0,2016-07-21,260,50,36,275.312,7,3,23,0,4,0,0
0,0,1,0,2016-08-04,289,36,33,265.615,8,3,30,0,2,1,8
0,0,1,0,2016-08-11,157,27,29,265.615,8,3,22,0,0,0,3
0,0,0,1,2016-08-07,289,36,33,265.615,8,6,30,0,2,1,1
0,0,1,0,2016-08-08,228,14,58,265.615,8,0,22,0,2,1,8
1,0,0,0,2016-08-10,300,26,43,265.615,8,2,25,0,2,1,1
1,0,0,0,2016-08-10,300,26,43,265.615,8,2,25,0,2,1,2
0,0,0,1,2016-08-11,260,50,36,265.615,8,3,23,0,4,0,4
0,0,0,1,2016-08-08,289,36,33,265.615,8,0,30,0,2,1,4
0,0,0,1,2016-08-09,248,25,47,265.615,8,1,32,0,2,1,1
1,0,0,0,2016-08-10,268,11,33,265.615,8,2,25,1,0,0,8
0,0,0,1,2016-08-10,179,26,30,265.615,8,2,19,1,0,0,1
1,0,0,0,2016-08-10,118,13,50,265.615,8,2,31,0,1,0,3
0,0,0,1,2016-08-14,248,25,47,265.615,8,6,32,0,2,1,2
0,0,0,1,2016-08-15,235,11,37,265.615,8,0,29,1,1,1,1
0,0,0,1,2016-08-17,118,13,50,265.615,8,2,31,0,1,0,1
0,0,1,0,2016-08-24,235,11,37,265.615,8,2,29,1,1,1,8
1,0,0,0,2016-08-08,361,52,28,265.615,8,0,27,0,1,4,8
1,0,0,0,2016-08-30,184,42,27,265.615,8,1,21,0,0,0,8
1,0,0,0,2016-09-05,179,51,38,294.217,9,0,31,0,0,0,8
0,0,0,1,2016-09-09,179,51,38,294.217,9,4,31,0,0,0,3
0,0,1,0,2016-09-07,289,36,33,294.217,9,2,30,0,2,1,24
0,0,0,0,2016-09-08,235,20,43,294.217,9,3,38,0,1,0,0
1,0,0,0,2016-09-12,246,25,41,294.217,9,0,23,0,0,0,16
0,0,0,1,2016-09-13,291,31,40,294.217,9,1,25,0,1,1,3
0,0,0,0,2016-09-13,231,35,39,294.217,9,1,35,0,2,2,0
0,0,0,0,2016-09-13,291,50,32,294.217,9,1,23,0,0,0,0
1,0,0,0,2016-09-14,179,51,38,294.217,9,2,31,0,0,0,8
1,0,0,0,2016-09-14,246,25,41,294.217,9,2,23,0,0,0,32
0,0,0,1,2016-09-15,179,51,38,294.217,9,3,31,0,0,0,1
0,0,0,1,2016-09-16,291,31,40,294.217,9,4,25,0,1,1,4
0,0,0,1,2016-09-16,260,50,36,294.217,9,4,23,0,4,0,4
0,0,0,1,2016-09-14,235,20,43,294.217,9,2,38,0,1,0,8
0,0,0,1,2016-09-15,118,13,50,294.217,9,3,31,0,1,0,1
0,0,0,0,2016-09-15,235,20,43,294.217,9,3,38,0,1,0,0
0,0,0,1,2016-09-16,291,31,40,294.217,9,4,25,0,1,1,3
1,0,0,0,2016-09-26,291,31,40,294.217,9,0,25,0,1,1,40
1,0,0,0,2016-09-26,179,51,38,294.217,9,0,31,0,0,0,8
0,0,0,1,2016-10-05,289,36,33,265.017,10,2,30,0,2,1,8
0,0,0,1,2016-10-05,235,11,37,265.017,10,2,29,1,1,1,4
0,0,0,1,2016-10-05,289,36,33,265.017,10,2,30,0,2,1,8
0,0,1,0,2016-10-06,289,36,33,265.017,10,3,30,0,2,1,8
0,0,0,0,2016-10-06,118,13,50,265.017,10,3,31,0,1,0,0
0,0,0,0,2016-10-06,248,25,47,265.017,10,3,32,0,2,1,0
1,0,0,0,2016-10-12,179,26,30,265.017,10,2,19,1,0,0,8
1,0,0,0,2016-10-12,118,10,37,265.017,10,2,28,0,0,0,3
0,0,1,0,2016-10-12,369,17,31,265.017,10,2,25,0,3,0,8
0,0,0,1,2016-10-14,179,51,38,265.017,10,4,31,0,0,0,1
1,0,0,0,2016-10-14,179,26,30,265.017,10,4,19,1,0,0,64
0,0,0,0,2016-10-14,235,20,43,265.017,10,4,38,0,1,0,0
0,0,1,0,2016-10-15,289,36,33,265.017,10,5,30,0,2,1,16
0,0,0,1,2016-10-16,260,50,36,265.017,10,6,23,0,4,0,3
0,0,0,0,2016-10-16,235,20,43,265.017,10,6,38,0,1,0,0
0,0,0,1,2016-10-19,235,20,43,265.017,10,2,38,0,1,0,2
0,0,0,1,2016-10-19,235,20,43,265.017,10,2,38,0,1,0,2
0,0,0,1,2016-10-20,118,13,50,265.017,10,3,31,0,1,0,1
0,0,0,1,2016-10-20,291,31,40,265.017,10,3,25,0,1,1,4
0,0,0,1,2016-10-22,179,26,30,265.017,10,5,19,1,0,0,16
0,0,0,1,2016-10-22,118,13,50,265.017,10,5,31,0,1,0,1
1,0,0,0,2016-10-26,361,52,28,265.017,10,2,27,0,1,4,8
0,0,0,0,2016-10-27,260,50,36,265.017,10,3,23,0,4,0,0
0,0,0,0,2016-10-27,291,31,40,265.017,10,3,25,0,1,1,0
0,0,0,0,2016-10-27,157,27,29,265.017,10,3,22,0,0,0,0
1,0,0,0,2016-10-28,179,26,30,265.017,10,4,19,1,0,0,5
1,0,0,0,2016-10-28,179,26,30,265.017,10,4,19,1,0,0,5
0,0,0,1,2016-10-29,118,13,50,265.017,10,5,31,0,1,0,1
1,0,0,0,2016-11-07,118,10,37,284.031,11,0,28,0,0,0,8
0,0,0,1,2016-11-07,248,25,47,284.031,11,0,32,0,2,1,2
1,0,0,0,2016-11-08,179,51,38,284.031,11,1,31,0,0,0,8
0,0,0,1,2016-11-11,260,50,36,284.031,11,4,23,0,4,0,3
0,0,0,1,2016-11-14,291,31,40,284.031,11,0,25,0,1,1,1
1,0,0,0,2016-11-14,378,49,36,284.031,11,0,21,0,2,4,8
1,0,0,0,2016-11-14,155,12,34,284.031,11,0,25,0,2,0,120
0,0,0,1,2016-11-14,235,20,43,284.031,11,0,38,0,1,0,8
0,0,0,0,2016-11-15,330,16,28,284.031,11,1,25,1,0,0,0
0,0,1,0,2016-11-16,235,11,37,284.031,11,2,29,1,1,1,1
1,0,0,0,2016-11-16,118,10,37,284.031,11,2,28,0,0,0,3
0,0,0,1,2016-11-17,235,11,37,284.031,11,3,29,1,1,1,2
0,0,0,1,2016-11-17,179,51,38,284.031,11,3,31,0,0,0,3
1,0,0,0,2016-11-18,246,25,41,284.031,11,4,23,0,0,0,8
1,0,0,0,2016-11-18,291,31,40,284.031,11,4,25,0,1,1,4
1,0,0,0,2016-11-21,246,25,41,284.031,11,0,23,0,0,0,8
0,0,0,1,2016-11-22,179,51,38,284.031,11,1,31,0,0,0,1
1,0,0,0,2016-11-23,260,50,36,284.031,11,2,23,0,4,0,8
0,1,0,0,2016-11-25,260,50,36,284.031,11,4,23,0,4,0,8
0,0,0,0,2016-11-25,378,49,36,284.031,11,4,21,0,2,4,0
0,0,0,0,2016-11-29,279,5,39,284.031,11,1,24,0,2,0,0
0,0,0,1,2016-11-24,179,51,38,284.031,11,3,31,0,0,0,1
1,0,0,0,2016-12-05,225,26,28,236.62900000000002,12,0,24,0,1,2,3
0,0,0,1,2016-12-05,179,51,38,236.62900000000002,12,0,31,0,0,0,2
0,0,0,1,2016-12-05,179,51,38,236.62900000000002,12,0,31,0,0,0,1
0,0,0,1,2016-12-05,235,11,37,236.62900000000002,12,0,29,1,1,1,3
0,0,0,1,2016-12-06,118,13,50,236.62900000000002,12,1,31,0,1,0,1
0,0,0,1,2016-12-09,260,50,36,236.62900000000002,12,4,23,0,4,0,4
1,0,0,0,2016-12-15,246,25,41,236.62900000000002,12,3,23,0,0,0,8
0,0,0,1,2016-12-15,179,51,38,236.62900000000002,12,3,31,0,0,0,1
0,0,0,1,2016-12-16,179,51,38,236.62900000000002,12,4,31,0,0,0,1
0,0,0,1,2016-12-20,179,26,30,236.62900000000002,12,1,19,1,0,0,1
0,0,0,1,2016-12-20,118,10,37,236.62900000000002,12,1,28,0,0,0,8
0,0,0,1,2016-12-22,235,11,37,236.62900000000002,12,3,29,1,1,1,2
0,0,0,1,2016-12-23,179,51,38,236.62900000000002,12,4,31,0,0,0,1
1,0,0,0,2016-12-20,235,20,43,236.62900000000002,12,1,38,0,1,0,8
1,0,0,0,2016-12-20,235,11,37,236.62900000000002,12,1,29,1,1,1,4
0,0,0,1,2016-12-21,260,50,36,236.62900000000002,12,2,23,0,4,0,8
0,0,0,1,2016-12-19,157,27,29,236.62900000000002,12,0,22,0,0,0,2
0,0,0,1,2016-12-19,179,51,38,236.62900000000002,12,0,31,0,0,0,3
0,0,1,0,2016-12-19,289,36,33,236.62900000000002,12,0,30,0,2,1,8
0,0,0,1,2017-01-04,225,26,28,330.061,1,2,24,0,1,2,5
0,0,1,0,2017-01-09,118,10,37,330.061,1,0,28,0,0,0,32
0,0,0,1,2017-01-09,155,12,34,330.061,1,0,25,0,2,0,2
1,0,0,0,2017-01-03,235,11,37,330.061,1,1,29,1,1,1,1
0,0,0,1,2017-01-03,155,12,34,330.061,1,1,25,0,2,0,4
0,0,0,1,2017-01-09,289,36,33,330.061,1,0,30,0,2,1,8
1,0,0,0,2017-01-11,291,31,40,330.061,1,2,25,0,1,1,8
0,0,0,1,2017-01-16,235,20,43,330.061,1,0,38,0,1,0,8
0,0,0,1,2017-01-16,118,13,50,330.061,1,0,31,0,1,0,4
0,0,0,1,2017-01-25,179,51,38,330.061,1,2,31,0,0,0,1
0,0,0,1,2017-01-27,179,51,38,330.061,1,4,31,0,0,0,1
0,0,0,1,2017-02-07,118,10,37,251.81799999999998,2,1,28,0,0,0,2
0,0,0,1,2017-02-01,179,51,38,251.81799999999998,2,2,31,0,0,0,3
1,0,0,0,2017-02-01,225,26,28,251.81799999999998,2,2,24,0,1,2,1
0,0,1,0,2017-02-03,289,36,33,251.81799999999998,2,4,30,0,2,1,3
0,0,0,1,2017-02-10,260,50,36,251.81799999999998,2,4,23,0,4,0,3
0,0,0,1,2017-02-17,179,51,38,251.81799999999998,2,4,31,0,0,0,3
0,0,0,1,2017-02-13,179,51,38,251.81799999999998,2,0,31,0,0,0,2
0,0,0,1,2017-02-15,179,51,38,251.81799999999998,2,2,31,0,0,0,3
1,0,0,0,2017-02-16,179,51,38,251.81799999999998,2,3,31,0,0,0,8
0,0,0,1,2017-02-16,246,25,41,251.81799999999998,2,3,23,0,0,0,8
0,0,0,1,2017-02-17,179,51,38,251.81799999999998,2,4,31,0,0,0,3
0,0,1,0,2017-02-13,189,29,33,251.81799999999998,2,0,25,0,2,2,8
0,0,0,1,2017-02-13,179,51,38,251.81799999999998,2,0,31,0,0,0,3
0,0,0,1,2017-02-21,246,25,41,251.81799999999998,2,1,23,0,0,0,2
0,0,0,1,2017-02-21,291,31,40,251.81799999999998,2,1,25,0,1,1,2
1,0,0,0,2017-02-22,157,27,29,251.81799999999998,2,2,22,0,0,0,16
0,0,0,1,2017-02-22,179,51,38,251.81799999999998,2,2,31,0,0,0,3
0,0,0,1,2017-02-24,179,51,38,251.81799999999998,2,4,31,0,0,0,3
1,0,0,0,2017-02-24,246,25,41,251.81799999999998,2,4,23,0,0,0,24
0,0,0,1,2017-02-22,179,51,38,251.81799999999998,2,2,31,0,0,0,3
0,0,0,1,2017-02-24,179,51,38,251.81799999999998,2,4,31,0,0,0,3
0,0,1,0,2017-03-07,118,10,37,244.387,3,1,28,0,0,0,8
0,0,1,0,2017-03-08,246,25,41,244.387,3,2,23,0,0,0,16
0,0,0,1,2017-03-10,246,25,41,244.387,3,4,23,0,0,0,2
0,0,0,1,2017-03-10,260,50,36,244.387,3,4,23,0,4,0,4
0,0,0,1,2017-03-13,179,51,38,244.387,3,0,31,0,0,0,2
0,0,1,0,2017-03-13,235,11,37,244.387,3,0,29,1,1,1,8
0,0,1,0,2017-03-14,179,22,40,244.387,3,1,22,1,2,0,8
0,0,1,0,2017-03-14,378,49,36,244.387,3,1,21,0,2,4,8
0,0,0,1,2017-03-20,179,51,38,244.387,3,0,31,0,0,0,16
0,0,1,0,2017-03-22,361,52,28,244.387,3,2,27,0,1,4,8
0,0,0,0,2017-03-22,369,17,31,244.387,3,2,25,0,3,0,0
0,0,1,0,2017-03-23,235,11,37,244.387,3,3,29,1,1,1,8
0,0,0,1,2017-03-24,118,13,50,244.387,3,4,31,0,1,0,2
1,0,0,0,2017-03-28,118,13,50,244.387,3,1,31,0,1,0,3
1,0,0,0,2017-03-29,118,13,50,244.387,3,2,31,0,1,0,8
0,0,0,0,2017-03-30,235,11,37,244.387,3,3,29,1,1,1,0
0,0,0,0,2017-03-30,246,25,41,244.387,3,3,23,0,0,0,0
0,0,0,0,2017-03-30,118,13,50,244.387,3,3,31,0,1,0,0
0,0,0,1,2017-03-31,179,51,38,244.387,3,4,31,0,0,0,8
0,0,1,0,2017-03-31,289,36,33,244.387,3,4,30,0,2,1,8
0,0,1,0,2017-03-27,260,50,36,244.387,3,0,23,0,4,0,8
0,0,0,1,2017-03-28,246,25,41,244.387,3,1,23,0,0,0,2
0,0,0,1,2017-04-05,179,51,38,239.40900000000002,4,2,31,0,0,0,4
0,0,0,1,2017-04-07,260,50,36,239.40900000000002,4,4,23,0,4,0,3
0,0,0,1,2017-04-07,330,16,28,239.40900000000002,4,4,25,1,0,0,4
0,0,1,0,2017-04-10,369,17,31,239.40900000000002,4,0,25,0,3,0,4
0,0,0,1,2017-04-10,248,25,47,239.40900000000002,4,0,32,0,2,1,4
0,0,0,1,2017-04-12,330,16,28,239.40900000000002,4,2,25,1,0,0,8
0,0,0,1,2017-04-12,179,51,38,239.40900000000002,4,2,31,0,0,0,8
0,0,0,1,2017-04-17,118,13,50,239.40900000000002,4,0,31,0,1,0,1
1,0,0,0,2017-04-19,118,13,50,239.40900000000002,4,2,31,0,1,0,120
0,0,0,1,2017-04-28,300,26,43,239.40900000000002,4,4,25,0,2,1,8
0,0,0,1,2017-04-28,260,50,36,239.40900000000002,4,4,23,0,4,0,4
0,0,0,1,2017-04-24,179,51,38,239.40900000000002,4,0,31,0,0,0,4
1,0,0,0,2017-04-26,118,10,37,239.40900000000002,4,2,28,0,0,0,2
1,0,0,0,2017-05-01,235,20,43,246.074,5,0,38,0,1,0,16
0,0,0,1,2017-05-03,248,25,47,246.074,5,2,32,0,2,1,2
1,0,0,0,2017-05-08,369,17,31,246.074,5,0,25,0,3,0,8
0,0,0,1,2017-05-10,179,26,30,246.074,5,2,19,1,0,0,3
0,0,0,1,2017-05-10,179,51,38,246.074,5,2,31,0,0,0,4
0,0,0,1,2017-05-11,361,52,28,246.074,5,3,27,0,1,4,1
0,0,0,1,2017-05-12,260,50,36,246.074,5,4,23,0,4,0,3
1,0,0,0,2017-05-15,179,22,40,246.074,5,0,22,1,2,0,2
1,0,0,0,2017-05-15,179,22,40,246.074,5,0,22,1,2,0,3
0,0,1,0,2017-05-17,228,14,58,246.074,5,2,22,0,2,1,8
0,0,0,1,2017-05-17,225,26,28,246.074,5,2,24,0,1,2,3
1,0,0,0,2017-05-19,330,16,28,246.074,5,4,25,1,0,0,8
0,0,0,1,2017-05-22,179,26,30,246.074,5,0,19,1,0,0,2
0,0,0,1,2017-05-22,118,10,37,246.074,5,0,28,0,0,0,1
1,0,0,0,2017-05-29,235,11,37,246.074,5,0,29,1,1,1,8
0,0,0,1,2017-05-31,179,26,30,246.074,5,2,19,1,0,0,3
0,0,0,1,2017-06-05,118,10,37,253.957,6,0,28,0,0,0,3
0,0,0,1,2017-06-05,179,51,38,253.957,6,0,31,0,0,0,3
0,0,0,1,2017-06-06,118,10,37,253.957,6,1,28,0,0,0,2
0,0,0,1,2017-06-08,225,26,28,253.957,6,3,24,0,1,2,4
0,0,0,1,2017-06-09,260,50,36,253.957,6,4,23,0,4,0,4
0,0,0,0,2017-06-09,179,51,38,253.957,6,4,31,0,0,0,0
1,0,0,0,2017-06-12,291,31,40,253.957,6,0,25,0,1,1,40
0,0,0,1,2017-06-12,179,51,38,253.957,6,0,31,0,0,0,24
0,0,0,1,2017-06-13,246,25,41,253.957,6,1,23,0,0,0,3
0,0,0,1,2017-06-19,179,51,38,253.957,6,0,31,0,0,0,4
0,0,0,1,2017-06-20,235,20,43,253.957,6,1,38,0,1,0,8
0,0,0,1,2017-06-26,179,51,38,253.957,6,0,31,0,0,0,2
0,0,0,1,2017-06-28,225,26,28,253.957,6,2,24,0,1,2,2
0,0,0,1,2017-06-28,118,13,50,253.957,6,2,31,0,1,0,2
1,0,0,0,2017-06-28,179,51,38,253.957,6,2,31,0,0,0,8
0,0,1,0,2017-06-28,179,26,30,253.957,6,2,19,1,0,0,2
0,0,0,1,2017-06-30,246,25,41,253.957,6,4,23,0,0,0,2
1,0,0,0,2017-06-27,330,16,28,253.957,6,1,25,1,0,0,1
1,0,0,0,2017-06-27,235,11,37,253.957,6,1,29,1,1,1,8
0,0,0,1,2017-07-06,179,26,30,230.29,7,3,19,1,0,0,2
0,0,0,1,2017-07-06,225,26,28,230.29,7,3,24,0,1,2,4
1,0,0,0,2017-07-07,260,50,36,230.29,7,4,23,0,4,0,8
1,0,0,0,2017-07-10,268,11,33,230.29,7,0,25,1,0,0,8
0,0,0,1,2017-07-14,330,16,28,230.29,7,4,25,1,0,0,8
0,0,0,1,2017-07-14,118,10,37,230.29,7,4,28,0,0,0,8
0,0,0,1,2017-07-17,260,50,36,230.29,7,0,23,0,4,0,4
0,0,0,1,2017-07-18,118,10,37,230.29,7,1,28,0,0,0,8
0,1,0,0,2017-07-24,300,26,43,230.29,7,0,25,0,2,1,8
0,0,0,1,2017-07-24,235,29,48,230.29,7,0,33,0,1,5,1
0,0,0,1,2017-07-25,246,25,41,230.29,7,1,23,0,0,0,2
1,0,0,0,2017-07-25,225,26,28,230.29,7,1,24,0,1,2,112
0,0,0,1,2017-07-25,179,51,38,230.29,7,1,31,0,0,0,1
0,0,0,1,2017-07-28,118,13,50,230.29,7,4,31,0,1,0,1
0,0,1,0,2017-07-28,361,52,28,230.29,7,4,27,0,1,4,8
0,0,1,0,2017-07-24,289,36,33,230.29,7,0,30,0,2,1,8
0,0,0,1,2017-07-24,235,20,43,230.29,7,0,38,0,1,0,8
0,0,0,1,2017-07-25,246,25,41,230.29,7,1,23,0,0,0,2
0,0,0,1,2017-07-27,291,31,40,230.29,7,3,25,0,1,1,1
0,0,0,1,2017-07-27,279,5,39,230.29,7,3,24,0,2,0,2
0,0,0,1,2017-08-03,179,51,38,249.797,8,3,31,0,0,0,4
0,0,0,1,2017-08-07,179,22,40,249.797,8,0,22,1,2,0,1
0,0,0,1,2017-08-08,246,25,41,249.797,8,1,23,0,0,0,4
0,0,0,1,2017-08-08,118,10,37,249.797,8,1,28,0,0,0,4
0,0,0,1,2017-08-08,289,36,33,249.797,8,1,30,0,2,1,8
0,0,0,1,2017-08-08,235,20,43,249.797,8,1,38,0,1,0,8
0,0,0,1,2017-08-10,291,31,40,249.797,8,3,25,0,1,1,4
0,0,0,1,2017-08-14,179,51,38,249.797,8,0,31,0,0,0,4
0,0,0,1,2017-08-15,179,22,40,249.797,8,1,22,1,2,0,8
0,0,0,1,2017-08-17,330,16,28,249.797,8,3,25,1,0,0,16
0,0,0,1,2017-08-22,235,11,37,249.797,8,1,29,1,1,1,4
0,0,0,1,2017-08-22,246,25,41,249.797,8,1,23,0,0,0,1
0,0,0,1,2017-08-22,118,10,37,249.797,8,1,28,0,0,0,5
0,0,0,1,2017-08-24,291,31,40,249.797,8,3,25,0,1,1,2
0,0,0,1,2017-08-28,260,50,36,249.797,8,0,23,0,4,0,3
0,0,0,1,2017-09-05,246,25,41,261.756,9,1,23,0,0,0,1
0,0,0,1,2017-09-05,246,25,41,261.756,9,1,23,0,0,0,1
0,0,0,1,2017-09-05,118,10,37,261.756,9,1,28,0,0,0,3
0,0,0,1,2017-09-05,155,12,34,261.756,9,1,25,0,2,0,2
0,0,0,1,2017-09-07,291,31,40,261.756,9,3,25,0,1,1,2
0,0,0,1,2017-09-08,179,26,30,261.756,9,4,19,1,0,0,8
0,0,0,1,2017-09-08,248,25,47,261.756,9,4,32,0,2,1,1
0,0,0,1,2017-09-11,179,51,38,261.756,9,0,31,0,0,0,4
0,0,0,1,2017-09-13,225,26,28,261.756,9,2,24,0,1,2,1
0,0,0,1,2017-09-18,179,26,30,261.756,9,0,19,1,0,0,2
0,0,0,1,2017-09-19,369,17,31,261.756,9,1,25,0,3,0,8
0,0,1,0,2017-09-26,361,52,28,261.756,9,1,27,0,1,4,8
1,0,0,0,2017-10-05,289,48,49,284.853,10,3,36,0,0,2,1
1,0,0,0,2017-10-05,235,16,32,284.853,10,3,25,1,0,0,3
0,0,0,1,2017-10-06,246,25,41,284.853,10,4,23,0,0,0,8
1,0,0,0,2017-10-11,289,48,49,284.853,10,2,36,0,0,2,3
0,0,0,1,2017-10-11,291,31,40,284.853,10,2,25,0,1,1,2
0,0,0,1,2017-10-17,118,10,37,284.853,10,1,28,0,0,0,2
0,0,0,1,2017-10-19,289,48,49,284.853,10,3,36,0,0,2,2
0,0,0,1,2017-10-20,291,31,40,284.853,10,4,25,0,1,1,1
0,0,0,1,2017-10-24,225,26,28,284.853,10,1,24,0,1,2,2
0,0,0,1,2017-10-24,369,17,31,284.853,10,1,25,0,3,0,8
0,0,0,1,2017-10-24,369,17,31,284.853,10,1,25,0,3,0,3
0,0,0,1,2017-10-24,225,26,28,284.853,10,1,24,0,1,2,4
0,0,0,1,2017-10-24,369,17,31,284.853,10,1,25,0,3,0,8
0,0,0,1,2017-10-25,179,51,38,284.853,10,2,31,0,0,0,3
1,0,0,0,2017-10-25,228,14,58,284.853,10,2,22,0,2,1,1
0,0,0,1,2017-10-25,291,31,40,284.853,10,2,25,0,1,1,1
1,0,0,0,2017-10-26,369,17,31,284.853,10,3,25,0,3,0,8
1,0,0,0,2017-10-26,225,26,28,284.853,10,3,24,0,1,2,1
1,0,0,0,2017-10-27,369,17,31,284.853,10,4,25,0,3,0,8
1,0,0,0,2017-10-27,225,26,28,284.853,10,4,24,0,1,2,3
0,0,0,1,2017-10-29,189,29,33,284.853,10,6,25,0,2,2,8
1,0,0,0,2017-10-29,235,16,32,284.853,10,6,25,1,0,0,8
1,0,0,0,2017-10-29,248,25,47,284.853,10,6,32,0,2,1,8
0,0,0,0,2017-10-29,225,26,28,284.853,10,6,24,0,1,2,0
1,0,0,0,2017-10-31,225,26,28,284.853,10,1,24,0,1,2,3
0,0,1,0,2017-11-07,179,51,38,268.519,11,1,31,0,0,0,1
0,0,0,1,2017-11-08,118,10,37,268.519,11,2,28,0,0,0,3
1,0,0,0,2017-11-08,330,16,28,268.519,11,2,25,1,0,0,24
0,0,0,1,2017-11-10,179,51,38,268.519,11,4,31,0,0,0,1
1,0,0,0,2017-11-14,118,10,37,268.519,11,1,28,0,0,0,8
0,0,0,1,2017-11-15,289,36,33,268.519,11,2,30,0,2,1,8
1,0,0,0,2017-11-17,235,16,32,268.519,11,4,25,1,0,0,8
0,0,0,1,2017-11-17,225,26,28,268.519,11,4,24,0,1,2,4
0,0,1,0,2017-11-21,361,52,28,268.519,11,1,27,0,1,4,8
0,0,0,1,2017-11-22,291,31,40,268.519,11,2,25,0,1,1,2
1,0,0,0,2017-11-23,118,10,37,268.519,11,3,28,0,0,0,2
1,0,0,0,2017-11-23,225,26,28,268.519,11,3,24,0,1,2,3
0,0,0,1,2017-11-27,179,51,38,268.519,11,0,31,0,0,0,1
0,0,0,1,2017-11-27,118,10,37,268.519,11,0,28,0,0,0,8
1,0,0,0,2017-11-28,118,10,37,268.519,11,1,28,0,0,0,8
0,0,0,1,2017-11-28,225,26,28,268.519,11,1,24,0,1,2,2
0,0,0,0,2017-11-28,291,31,40,268.519,11,1,25,0,1,1,0
0,0,0,0,2017-11-29,289,36,33,268.519,11,2,30,0,2,1,0
1,0,0,0,2017-11-30,248,25,47,268.519,11,3,32,0,2,1,4
0,0,0,0,2017-11-30,235,20,43,268.519,11,3,38,0,1,0,0
0,0,0,1,2017-11-24,225,26,28,268.519,11,4,24,0,1,2,2
0,0,0,1,2017-11-24,369,17,31,268.519,11,4,25,0,3,0,8
0,0,0,1,2017-11-27,361,52,28,268.519,11,0,27,0,1,4,2
1,0,0,0,2017-12-05,179,51,38,280.54900000000004,12,1,31,0,0,0,32
0,0,0,1,2017-12-06,291,31,40,280.54900000000004,12,2,25,0,1,1,1
0,0,0,1,2017-12-06,225,26,28,280.54900000000004,12,2,24,0,1,2,3
1,0,0,0,2017-12-08,179,26,30,280.54900000000004,12,4,19,1,0,0,1
0,0,0,1,2017-12-08,225,26,28,280.54900000000004,12,4,24,0,1,2,3
0,0,0,1,2017-12-13,225,26,28,280.54900000000004,12,2,24,0,1,2,3
1,0,0,0,2017-12-14,361,52,28,280.54900000000004,12,3,27,0,1,4,4
0,0,1,0,2017-12-15,179,22,40,280.54900000000004,12,4,22,1,2,0,2
0,0,0,1,2017-12-15,235,20,43,280.54900000000004,12,4,38,0,1,0,8
0,0,1,0,2017-12-18,233,51,31,280.54900000000004,12,0,21,1,1,8,8
1,0,0,0,2017-12-19,179,26,30,280.54900000000004,12,1,19,1,0,0,16
0,0,0,1,2017-12-19,225,26,28,280.54900000000004,12,1,24,0,1,2,2
0,0,0,1,2017-12-21,225,26,28,280.54900000000004,12,3,24,0,1,2,3
0,0,0,1,2017-12-18,225,26,28,280.54900000000004,12,0,24,0,1,2,2
0,0,1,0,2017-12-19,155,12,34,280.54900000000004,12,1,25,0,2,0,80
1,0,0,0,2018-01-01,179,26,30,313.532,1,0,19,1,0,0,24
1,0,0,0,2018-01-04,179,26,30,313.532,1,3,19,1,0,0,16
0,0,0,1,2018-01-04,179,22,40,313.532,1,3,22,1,2,0,2
0,0,0,1,2018-01-05,179,22,40,313.532,1,4,22,1,2,0,2
1,0,0,0,2018-01-08,179,26,30,313.532,1,0,19,1,0,0,3
0,0,0,1,2018-01-10,179,22,40,313.532,1,2,22,1,2,0,2
1,0,0,0,2018-01-11,289,48,49,313.532,1,3,36,0,0,2,8
0,0,1,0,2018-01-12,179,22,40,313.532,1,4,22,1,2,0,3
0,0,0,1,2018-01-15,179,26,30,313.532,1,0,19,1,0,0,2
0,0,1,0,2018-01-16,155,12,34,313.532,1,1,25,0,2,0,8
0,0,0,1,2018-01-17,179,26,30,313.532,1,2,19,1,0,0,2
0,0,0,1,2018-01-17,179,51,38,313.532,1,2,31,0,0,0,3
1,0,0,0,2018-01-17,289,36,33,313.532,1,2,30,0,2,1,8
0,0,0,1,2018-01-18,179,51,38,313.532,1,3,31,0,0,0,3
0,0,0,1,2018-01-26,179,51,38,313.532,1,4,31,0,0,0,2
1,0,0,0,2018-02-06,179,51,38,264.249,2,1,31,0,0,0,8
0,0,0,1,2018-02-06,225,26,28,264.249,2,1,24,0,1,2,3
1,0,0,0,2018-02-07,248,25,47,264.249,2,2,32,0,2,1,8
0,0,0,1,2018-02-07,179,51,38,264.249,2,2,31,0,0,0,2
0,0,0,1,2018-02-08,225,26,28,264.249,2,3,24,0,1,2,3
0,0,0,1,2018-02-08,179,51,38,264.249,2,3,31,0,0,0,2
0,0,0,1,2018-02-08,179,26,30,264.249,2,3,19,1,0,0,2
0,0,0,1,2018-02-09,225,15,41,264.249,2,4,28,1,2,2,2
0,0,0,1,2018-02-09,179,51,38,264.249,2,4,31,0,0,0,2
0,0,1,0,2018-02-12,233,51,31,264.249,2,0,21,1,1,8,2
0,0,0,1,2018-02-12,179,51,38,264.249,2,0,31,0,0,0,2
1,0,0,0,2018-02-13,225,26,28,264.249,2,1,24,0,1,2,8
0,0,0,1,2018-02-14,179,51,38,264.249,2,2,31,0,0,0,3
0,0,0,1,2018-02-15,179,51,38,264.249,2,3,31,0,0,0,3
0,0,0,1,2018-02-15,225,26,28,264.249,2,3,24,0,1,2,3
1,0,0,0,2018-02-15,179,26,30,264.249,2,3,19,1,0,0,2
0,0,0,1,2018-02-16,179,22,40,264.249,2,4,22,1,2,0,2
0,0,0,1,2018-02-16,179,51,38,264.249,2,4,31,0,0,0,3
1,0,0,0,2018-02-21,233,51,31,264.249,2,2,21,1,1,8,3
0,0,0,1,2018-02-21,179,26,30,264.249,2,2,19,1,0,0,2
0,0,0,1,2018-02-21,179,51,38,264.249,2,2,31,0,0,0,2
1,0,0,0,2018-02-22,179,51,38,264.249,2,3,31,0,0,0,8
0,0,0,1,2018-02-23,179,51,38,264.249,2,4,31,0,0,0,2
0,0,0,1,2018-02-26,155,12,34,264.249,2,0,25,0,2,0,5
0,0,0,1,2018-02-26,235,16,32,264.249,2,0,25,1,0,0,3
0,0,0,1,2018-02-26,179,51,38,264.249,2,0,31,0,0,0,2
1,0,0,0,2018-02-26,225,26,28,264.249,2,0,24,0,1,2,2
0,0,0,1,2018-02-27,179,51,38,264.249,2,1,31,0,0,0,2
0,0,0,1,2018-02-27,248,25,47,264.249,2,1,32,0,2,1,2
0,0,0,1,2018-02-27,225,26,28,264.249,2,1,24,0,1,2,2
0,0,0,1,2018-02-28,179,51,38,264.249,2,2,31,0,0,0,2
0,0,0,1,2018-02-22,179,51,38,264.249,2,3,31,0,0,0,2
0,0,0,1,2018-02-23,235,16,32,264.249,2,4,25,1,0,0,2
0,0,0,1,2018-03-05,179,51,38,222.196,3,0,31,0,0,0,2
0,0,0,1,2018-03-05,248,25,47,222.196,3,0,32,0,2,1,2
0,0,0,1,2018-03-06,228,14,58,222.196,3,1,22,0,2,1,3
0,0,0,1,2018-03-06,248,25,47,222.196,3,1,32,0,2,1,3
1,0,0,0,2018-03-06,228,14,58,222.196,3,1,22,0,2,1,112
0,0,0,1,2018-03-07,179,51,38,222.196,3,2,31,0,0,0,2
0,0,0,1,2018-03-08,225,26,28,222.196,3,3,24,0,1,2,2
0,0,0,1,2018-03-08,179,51,38,222.196,3,3,31,0,0,0,3
0,0,0,1,2018-03-08,225,26,28,222.196,3,3,24,0,1,2,2
0,0,0,1,2018-03-09,179,26,30,222.196,3,4,19,1,0,0,3
0,0,0,1,2018-03-12,235,16,32,222.196,3,0,25,1,0,0,3
0,0,1,0,2018-03-12,361,52,28,222.196,3,0,27,0,1,4,8
1,0,0,0,2018-03-13,179,51,38,222.196,3,1,31,0,0,0,8
0,0,0,1,2018-03-14,179,51,38,222.196,3,2,31,0,0,0,2
0,0,0,1,2018-03-15,179,51,38,222.196,3,3,31,0,0,0,3
0,0,0,1,2018-03-16,179,26,30,222.196,3,4,19,1,0,0,2
1,0,0,0,2018-03-19,179,51,38,222.196,3,0,31,0,0,0,4
1,0,0,0,2018-03-19,248,25,47,222.196,3,0,32,0,2,1,2
0,0,0,1,2018-03-19,179,51,38,222.196,3,0,31,0,0,0,3
1,0,0,0,2018-03-19,225,26,28,222.196,3,0,24,0,1,2,8
0,0,0,1,2018-03-20,179,51,38,222.196,3,1,31,0,0,0,2
0,0,0,1,2018-03-21,289,36,33,222.196,3,2,30,0,2,1,8
0,0,0,1,2018-03-21,228,14,58,222.196,3,2,22,0,2,1,2
0,0,0,1,2018-03-21,179,51,38,222.196,3,2,31,0,0,0,2
0,0,0,1,2018-03-22,248,25,47,222.196,3,3,32,0,2,1,3
0,0,0,1,2018-03-22,179,51,38,222.196,3,3,31,0,0,0,3
0,0,0,1,2018-03-23,179,26,30,222.196,3,4,19,1,0,0,2
0,0,0,1,2018-03-23,179,51,38,222.196,3,4,31,0,0,0,3
0,0,0,1,2018-03-27,179,51,38,222.196,3,1,31,0,0,0,3
0,0,0,1,2018-03-28,118,15,46,222.196,3,2,25,0,2,0,8
1,0,0,0,2018-03-28,155,12,34,222.196,3,2,25,0,2,0,24
0,0,0,1,2018-03-28,179,51,38,222.196,3,2,31,0,0,0,3
0,0,0,1,2018-03-29,179,51,38,222.196,3,3,31,0,0,0,3
1,0,0,0,2018-03-26,179,26,30,222.196,3,0,19,1,0,0,2
0,0,1,0,2018-03-26,289,36,33,222.196,3,0,30,0,2,1,104
0,0,1,0,2018-03-28,369,17,31,222.196,3,2,25,0,3,0,8
1,0,0,0,2018-04-02,225,26,28,246.28799999999998,4,0,24,0,1,2,8
1,0,0,0,2018-04-02,118,10,37,246.28799999999998,4,0,28,0,0,0,8
0,0,1,0,2018-04-03,361,52,28,246.28799999999998,4,1,27,0,1,4,8
0,0,1,0,2018-04-04,248,25,47,246.28799999999998,4,2,32,0,2,1,8
1,0,0,0,2018-04-05,189,29,33,246.28799999999998,4,3,25,0,2,2,8
0,0,0,1,2018-04-06,179,26,30,246.28799999999998,4,4,19,1,0,0,2
1,0,0,0,2018-04-09,369,17,31,246.28799999999998,4,0,25,0,3,0,24
0,1,0,0,2018-04-10,179,22,40,246.28799999999998,4,1,22,1,2,0,2
0,0,0,1,2018-04-10,118,13,50,246.28799999999998,4,1,31,0,1,0,3
0,0,0,1,2018-04-10,361,52,28,246.28799999999998,4,1,27,0,1,4,2
1,0,0,0,2018-04-11,118,10,37,246.28799999999998,4,2,28,0,0,0,2
0,0,1,0,2018-04-13,235,11,37,246.28799999999998,4,4,29,1,1,1,8
0,0,0,1,2018-04-13,179,26,30,246.28799999999998,4,4,19,1,0,0,2
0,0,1,0,2018-04-16,225,26,28,246.28799999999998,4,0,24,0,1,2,8
0,1,0,0,2018-04-17,235,16,32,246.28799999999998,4,1,25,1,0,0,3
0,0,0,1,2018-04-20,179,26,30,246.28799999999998,4,4,19,1,0,0,2
0,0,0,1,2018-04-24,155,12,34,246.28799999999998,4,1,25,0,2,0,4
0,0,1,0,2018-04-26,225,26,28,246.28799999999998,4,3,24,0,1,2,8
1,0,0,0,2018-04-26,118,13,50,246.28799999999998,4,3,31,0,1,0,2
0,0,0,1,2018-04-27,179,26,30,246.28799999999998,4,4,19,1,0,0,2
0,0,1,0,2018-05-07,235,11,37,237.65599999999998,5,0,29,1,1,1,8
0,0,1,0,2018-05-09,225,15,41,237.65599999999998,5,2,28,1,2,2,3
0,0,0,1,2018-05-09,235,16,32,237.65599999999998,5,2,25,1,0,0,2
1,0,0,0,2018-05-09,118,10,37,237.65599999999998,5,2,28,0,0,0,3
0,0,0,1,2018-05-09,235,20,43,237.65599999999998,5,2,38,0,1,0,8
1,0,0,0,2018-05-10,179,26,30,237.65599999999998,5,3,19,1,0,0,1
0,0,0,1,2018-05-10,291,31,40,237.65599999999998,5,3,25,0,1,1,2
1,0,0,0,2018-05-10,225,15,41,237.65599999999998,5,3,28,1,2,2,8
0,0,1,0,2018-05-11,300,26,43,237.65599999999998,5,4,25,0,2,1,64
0,0,1,0,2018-05-11,225,15,41,237.65599999999998,5,4,28,1,2,2,8
0,0,0,1,2018-05-11,179,26,30,237.65599999999998,5,4,19,1,0,0,2
0,0,0,1,2018-05-14,118,13,50,237.65599999999998,5,0,31,0,1,0,2
1,0,0,0,2018-05-15,118,13,50,237.65599999999998,5,1,31,0,1,0,3
0,0,0,1,2018-05-15,118,10,37,237.65599999999998,5,1,28,0,0,0,1
0,0,0,0,2018-05-15,118,13,50,237.65599999999998,5,1,31,0,1,0,0
0,0,0,1,2018-05-16,179,26,30,237.65599999999998,5,2,19,1,0,0,2
0,0,0,0,2018-05-16,378,49,36,237.65599999999998,5,2,21,0,2,4,0
0,1,0,0,2018-05-18,179,22,40,237.65599999999998,5,4,22,1,2,0,1
1,0,0,0,2018-05-21,155,12,34,237.65599999999998,5,0,25,0,2,0,48
1,0,0,0,2018-05-21,235,16,32,237.65599999999998,5,0,25,1,0,0,8
0,0,1,0,2018-05-23,291,31,40,237.65599999999998,5,2,25,0,1,1,8
1,0,0,0,2018-05-23,179,22,40,237.65599999999998,5,2,22,1,2,0,8
1,0,0,0,2018-05-23,225,26,28,237.65599999999998,5,2,24,0,1,2,3
1,0,0,0,2018-05-24,330,16,28,237.65599999999998,5,3,25,1,0,0,8
0,0,0,1,2018-05-24,235,16,32,237.65599999999998,5,3,25,1,0,0,2
0,0,0,1,2018-05-31,291,31,40,237.65599999999998,5,3,25,0,1,1,2
